{"_type": "snscrape.modules.twitter.Tweet", "url": "https://twitter.com/TonySmithMP/status/1252438597908623360", "date": "2020-04-21T03:26:45+00:00", "content": "LIVE: Update from the Prime Minister following today's National Cabinet Meeting. https://t.co/4U5zso5dGw", "renderedContent": "LIVE: Update from the Prime Minister following today's National Cabinet Meeting. twitter.com/ScottMorrisonM\u2026", "id": 1252438597908623360, "user": {"_type": "snscrape.modules.twitter.User", "username": "TonySmithMP", "id": 2932863030, "displayname": "Tony Smith MP", "description": "30th Speaker of @AbouttheHouse. Federal Member for Casey. Lifelong fan of the Holden Monaro and @CarltonFC.", "rawDescription": "30th Speaker of @AbouttheHouse. Federal Member for Casey. Lifelong fan of the Holden Monaro and @CarltonFC.", "descriptionUrls": null, "verified": false, "created": "2014-12-17T01:16:35+00:00", "followersCount": 1095, "friendsCount": 8, "statusesCount": 49, "favouritesCount": 0, "listedCount": 49, "mediaCount": 0, "location": "Chirnside Park, Victoria", "protected": false, "linkUrl": "http://aph.gov.au", "linkTcourl": "https://t.co/KHUzKvh8sU", "profileImageUrl": "https://pbs.twimg.com/profile_images/1110032882469212160/4j3GenpU_normal.png", "profileBannerUrl": null, "url": "https://twitter.com/TonySmithMP"}, "replyCount": 9, "retweetCount": 0, "likeCount": 0, "quoteCount": 0, "conversationId": 1252438597908623360, "lang": "en", "source": "<a href=\"https://mobile.twitter.com\" rel=\"nofollow\">Twitter Web App</a>", "sourceUrl": "https://mobile.twitter.com", "sourceLabel": "Twitter Web App", "outlinks": ["https://twitter.com/ScottMorrisonMP/status/1252438162774712322"], "tcooutlinks": ["https://t.co/4U5zso5dGw"], "media": null, "retweetedTweet": null, "quotedTweet": {"_type": "snscrape.modules.twitter.Tweet", "url": "https://twitter.com/ScottMorrisonMP/status/1252438162774712322", "date": "2020-04-21T03:25:01+00:00", "content": "#LIVE: Update following today's National Cabinet meeting https://t.co/5rsemt51zh", "renderedContent": "#LIVE: Update following today's National Cabinet meeting pscp.tv/w/cW0NjTFlV0t5\u2026", "id": 1252438162774712322, "user": {"_type": "snscrape.modules.twitter.User", "username": "ScottMorrisonMP", "id": 34116377, "displayname": "Scott Morrison", "description": "Prime Minister of Australia and Federal Member for Cook. Authorised by S. Morrison, Liberal Party of Australia, Canberra.", "rawDescription": "Prime Minister of Australia and Federal Member for Cook. Authorised by S. Morrison, Liberal Party of Australia, Canberra.", "descriptionUrls": null, "verified": true, "created": "2009-04-22T00:51:17+00:00", "followersCount": 582126, "friendsCount": 1726, "statusesCount": 8103, "favouritesCount": 43, "listedCount": 2464, "mediaCount": 1626, "location": "Canberra, Australia", "protected": false, "linkUrl": "https://www.liberal.org.au/sign-up", "linkTcourl": "https://t.co/3pdq8hVjAJ", "profileImageUrl": "https://pbs.twimg.com/profile_images/1116081523394891776/AYnEcQnG_normal.png", "profileBannerUrl": "https://pbs.twimg.com/profile_banners/34116377/1554978264", "url": "https://twitter.com/ScottMorrisonMP"}, "replyCount": 213, "retweetCount": 103, "likeCount": 408, "quoteCount": 14, "conversationId": 1252438162774712322, "lang": "en", "source": "<a href=\"https://periscope.tv\" rel=\"nofollow\">Periscope</a>", "sourceUrl": "https://periscope.tv", "sourceLabel": "Periscope", "outlinks": ["https://www.pscp.tv/w/cW0NjTFlV0t5TVpPcGFlS0F8MUJkR1lRQWx5RERHWK-PjvGT3C_KH9IDTuHw9ZuGXh8vOFFhRBtozAd8g_mU"], "tcooutlinks": ["https://t.co/5rsemt51zh"], "media": null, "retweetedTweet": null, "quotedTweet": null, "inReplyToTweetId": null, "inReplyToUser": null, "mentionedUsers": null, "coordinates": null, "place": null, "hashtags": ["LIVE"], "cashtags": null}, "inReplyToTweetId": null, "inReplyToUser": null, "mentionedUsers": null, "coordinates": null, "place": null, "hashtags": null, "cashtags": null}
{"_type": "snscrape.modules.twitter.Tweet", "url": "https://twitter.com/TonySmithMP/status/1171268104178946049", "date": "2019-09-10T03:44:11+00:00", "content": "Congratulations to all the participants in this year's My First Speech competition. Our top three entries will be announced very shortly. https://t.co/Pz6tVYR8Ex", "renderedContent": "Congratulations to all the participants in this year's My First Speech competition. Our top three entries will be announced very shortly. twitter.com/AboutTheHouse/\u2026", "id": 1171268104178946049, "user": {"_type": "snscrape.modules.twitter.User", "username": "TonySmithMP", "id": 2932863030, "displayname": "Tony Smith MP", "description": "30th Speaker of @AbouttheHouse. Federal Member for Casey. Lifelong fan of the Holden Monaro and @CarltonFC.", "rawDescription": "30th Speaker of @AbouttheHouse. Federal Member for Casey. Lifelong fan of the Holden Monaro and @CarltonFC.", "descriptionUrls": null, "verified": false, "created": "2014-12-17T01:16:35+00:00", "followersCount": 1095, "friendsCount": 8, "statusesCount": 49, "favouritesCount": 0, "listedCount": 49, "mediaCount": 0, "location": "Chirnside Park, Victoria", "protected": false, "linkUrl": "http://aph.gov.au", "linkTcourl": "https://t.co/KHUzKvh8sU", "profileImageUrl": "https://pbs.twimg.com/profile_images/1110032882469212160/4j3GenpU_normal.png", "profileBannerUrl": null, "url": "https://twitter.com/TonySmithMP"}, "replyCount": 1, "retweetCount": 4, "likeCount": 12, "quoteCount": 0, "conversationId": 1171268104178946049, "lang": "en", "source": "<a href=\"https://about.twitter.com/products/tweetdeck\" rel=\"nofollow\">TweetDeck</a>", "sourceUrl": "https://about.twitter.com/products/tweetdeck", "sourceLabel": "TweetDeck", "outlinks": ["https://twitter.com/AboutTheHouse/status/1171195745153642496"], "tcooutlinks": ["https://t.co/Pz6tVYR8Ex"], "media": null, "retweetedTweet": null, "quotedTweet": {"_type": "snscrape.modules.twitter.Tweet", "url": "https://twitter.com/AboutTheHouse/status/1171195745153642496", "date": "2019-09-09T22:56:40+00:00", "content": "Our judging panel met yesterday to begin the selection process for this year's My First Speech competition. 12 finalists have been short listed - you can watch all of their speeches on our site at https://t.co/2yDd2dYU8k", "renderedContent": "Our judging panel met yesterday to begin the selection process for this year's My First Speech competition. 12 finalists have been short listed - you can watch all of their speeches on our site at aph.gov.au/myfirstspeech", "id": 1171195745153642496, "user": {"_type": "snscrape.modules.twitter.User", "username": "AboutTheHouse", "id": 75187941, "displayname": "Australian House of Representatives", "description": "News and updates from the official Twitter account of Australia's House of Representatives.", "rawDescription": "News and updates from the official Twitter account of Australia's House of Representatives.", "descriptionUrls": null, "verified": true, "created": "2009-09-18T03:18:43+00:00", "followersCount": 49243, "friendsCount": 981, "statusesCount": 16967, "favouritesCount": 1575, "listedCount": 624, "mediaCount": 2371, "location": "Canberra, Australia", "protected": false, "linkUrl": "http://www.aph.gov.au/athnews", "linkTcourl": "https://t.co/2K6DhyaEWr", "profileImageUrl": "https://pbs.twimg.com/profile_images/851214928660676608/6XyxP6rB_normal.jpg", "profileBannerUrl": "https://pbs.twimg.com/profile_banners/75187941/1491780469", "url": "https://twitter.com/AboutTheHouse"}, "replyCount": 0, "retweetCount": 0, "likeCount": 5, "quoteCount": 2, "conversationId": 1171195745153642496, "lang": "en", "source": "<a href=\"https://about.twitter.com/products/tweetdeck\" rel=\"nofollow\">TweetDeck</a>", "sourceUrl": "https://about.twitter.com/products/tweetdeck", "sourceLabel": "TweetDeck", "outlinks": ["http://aph.gov.au/myfirstspeech"], "tcooutlinks": ["https://t.co/2yDd2dYU8k"], "media": null, "retweetedTweet": null, "quotedTweet": null, "inReplyToTweetId": null, "inReplyToUser": null, "mentionedUsers": null, "coordinates": null, "place": null, "hashtags": null, "cashtags": null}, "inReplyToTweetId": null, "inReplyToUser": null, "mentionedUsers": null, "coordinates": null, "place": null, "hashtags": null, "cashtags": null}
{"_type": "snscrape.modules.twitter.Tweet", "url": "https://twitter.com/TonySmithMP/status/1126697260064968707", "date": "2019-05-10T03:55:34+00:00", "content": "@BenjaminKingAus Hi Benjamin\n\nIf you would like to discuss your concerns and options in regards to your internet connection please feel free to call our office on 97270799 or email Tony.Smith.MP@aph.gov.au. \n\nCheers\nClaudine Wedgwood-Gills", "renderedContent": "@BenjaminKingAus Hi Benjamin\n\nIf you would like to discuss your concerns and options in regards to your internet connection please feel free to call our office on 97270799 or email Tony.Smith.MP@aph.gov.au. \n\nCheers\nClaudine Wedgwood-Gills", "id": 1126697260064968707, "user": {"_type": "snscrape.modules.twitter.User", "username": "TonySmithMP", "id": 2932863030, "displayname": "Tony Smith MP", "description": "30th Speaker of @AbouttheHouse. Federal Member for Casey. Lifelong fan of the Holden Monaro and @CarltonFC.", "rawDescription": "30th Speaker of @AbouttheHouse. Federal Member for Casey. Lifelong fan of the Holden Monaro and @CarltonFC.", "descriptionUrls": null, "verified": false, "created": "2014-12-17T01:16:35+00:00", "followersCount": 1095, "friendsCount": 8, "statusesCount": 49, "favouritesCount": 0, "listedCount": 49, "mediaCount": 0, "location": "Chirnside Park, Victoria", "protected": false, "linkUrl": "http://aph.gov.au", "linkTcourl": "https://t.co/KHUzKvh8sU", "profileImageUrl": "https://pbs.twimg.com/profile_images/1110032882469212160/4j3GenpU_normal.png", "profileBannerUrl": null, "url": "https://twitter.com/TonySmithMP"}, "replyCount": 0, "retweetCount": 0, "likeCount": 0, "quoteCount": 0, "conversationId": 1126268692306640896, "lang": "en", "source": "<a href=\"http://twitter.com\" rel=\"nofollow\">Twitter Web Client</a>", "sourceUrl": "http://twitter.com", "sourceLabel": "Twitter Web Client", "outlinks": null, "tcooutlinks": null, "media": null, "retweetedTweet": null, "quotedTweet": null, "inReplyToTweetId": 1126268692306640896, "inReplyToUser": {"_type": "snscrape.modules.twitter.User", "username": "BenjaminKingAus", "id": 926245336615653376, "displayname": "Benjamin King", "description": null, "rawDescription": null, "descriptionUrls": null, "verified": null, "created": null, "followersCount": null, "friendsCount": null, "statusesCount": null, "favouritesCount": null, "listedCount": null, "mediaCount": null, "location": null, "protected": null, "linkUrl": null, "linkTcourl": null, "profileImageUrl": null, "profileBannerUrl": null, "url": "https://twitter.com/BenjaminKingAus"}, "mentionedUsers": [{"_type": "snscrape.modules.twitter.User", "username": "BenjaminKingAus", "id": 926245336615653376, "displayname": "Benjamin King", "description": null, "rawDescription": null, "descriptionUrls": null, "verified": null, "created": null, "followersCount": null, "friendsCount": null, "statusesCount": null, "favouritesCount": null, "listedCount": null, "mediaCount": null, "location": null, "protected": null, "linkUrl": null, "linkTcourl": null, "profileImageUrl": null, "profileBannerUrl": null, "url": "https://twitter.com/BenjaminKingAus"}], "coordinates": null, "place": null, "hashtags": null, "cashtags": null}
